round,slice,frame,object_ref,cell,what,why,severity,owner,rule_id,evidence,action,rules_version,note
calib,C0,adasind_019560.jpg,R5,na,MISSING,,,,,,,,
calib,C0,adasind_019560.jpg,R6,na,MISSING,,,,,,,,
r2_qa,B1-center,adasind_006840.jpg,L1,L_only,MISSING,,,,R01,screenshots/qa_006840_missing_sau_L1.png,,02-rules-vi,Xe vàng sau/trái L1 (~x318-362 y812-878) chưa có box; ref L1 là vật che
r2_qa,B1-center,adasind_006840.jpg,L2,L_only,BOX_GEOMETRY,,,,R01,screenshots/qa_006840_L2_L9.png,,02-rules-vi,Pedestrian h=41 sát ngưỡng H=40
r2_qa,B1-center,adasind_006840.jpg,L9,L_only,ATTRIBUTE,,,,R05,screenshots/qa_006840_L2_L9.png,,02-rules-vi,"Sát mép trái, có thể cần truncated=true"
r2_qa,B1-center,adasind_036720.jpg,L4,L_only,ATTRIBUTE,,,,R05,screenshots/qa_036720_L4.png,,02-rules-vi,"Sát mép trái, có thể cần truncated=true"
r2_qa,B1-center,adasind_056040.jpg,L7,L_only,DUPLICATE,,,,R03,screenshots/qa_056040_L7_vs_L2.png,,02-rules-vi,L7 ThreeWheeler trùm rider áo đỏ đã có L2 Bike
r1_craft,B1-center,adasind_006840.jpg,L8,na,IGNORE_SCOPE,E1_annotator_error,P0,annotator,R09,r1_craft/compare.md,rework,02-rules-vi,"L8 nằm trong vùng reference đánh dấu ignore unreadable (vật mờ, bị L6 che); A bỏ box L8 và vẽ ignore_region reason=unreadable"
r1_craft,B1-center,adasind_006840.jpg,L7+R6,na,BOX_GEOMETRY,E1_annotator_error,P1,annotator,R02,r1_craft/compare.md,rework,02-rules-vi,L7 lỏng so với R6
r1_craft,B1-center,adasind_006840.jpg,R4,na,MISSING,E0_reference_defect,P1,guideline,R04,screenshots/qa_006840_missing_sau_L1.png,keep_with_reason,02-rules-vi,"Rework đã thêm box (occluded) nhưng gán Bus: xe vàng có kính trước lớn, đầu phẳng, giống bus/van hơn auto-rickshaw; model M12 cũng là Bus. Nghi reference R4 ThreeWheeler sai class → giữ Bus, cần người thứ ba xác nhận"
r1_craft,B1-center,adasind_056040.jpg,L7+R7,na,WRONG_CLASS,E1_annotator_error,P1,annotator,R04,screenshots/qa_056040_L7_vs_L2.png,rework,02-rules-vi,"L7 ThreeWheeler, reference R7 Car"
r3_diag,B1-center,adasind_006840.jpg,L1+R1,LR_noM,MISSING,E4_model_domain,P2,ai_team,R01,r3_diag/model_compare.html,keep_with_reason,02-rules-vi,"L và R cùng thấy, model YOLO26m bỏ sót trên ảnh fisheye; không sửa nhãn người"
r3_diag,B1-center,adasind_006840.jpg,L2+R7,LR_noM,MISSING,E4_model_domain,P2,ai_team,R01,r3_diag/model_compare.html,keep_with_reason,02-rules-vi,"L và R cùng thấy, model YOLO26m bỏ sót trên ảnh fisheye; không sửa nhãn người"
r3_diag,B1-center,adasind_006840.jpg,L7,L_only,SPURIOUS,E1_annotator_error,P1,annotator,R02,r1_craft/compare.md,rework,02-rules-vi,"Box L7 ThreeWheeler ôm lỏng (cao 79 so với R6 cao 42), IoU<0.5 nên thành SPURIOUS+MISSING; A siết box theo phần nhìn thấy"
r3_diag,B1-center,adasind_006840.jpg,R4,R_only,MISSING,E0_reference_defect,P1,guideline,R04,screenshots/qa_006840_missing_sau_L1.png,keep_with_reason,02-rules-vi,"Rework đã thêm box (occluded) nhưng gán Bus: xe vàng có kính trước lớn, đầu phẳng, giống bus/van hơn auto-rickshaw; model M12 cũng là Bus. Nghi reference R4 ThreeWheeler sai class → giữ Bus, cần người thứ ba xác nhận"
r3_diag,B1-center,adasind_006840.jpg,R6,R_only,MISSING,E1_annotator_error,P1,annotator,R02,r1_craft/compare.md,rework,02-rules-vi,Cùng ca L7 lỏng; sửa L7 là đóng ca này
r3_diag,B1-center,adasind_006840.jpg,M3,M_only,SPURIOUS,E4_model_domain,P2,ai_team,R04,r3_diag/model_compare.html,keep_with_reason,02-rules-vi,"Chỉ model thấy; box thừa/sai class của model, output đóng băng nên giữ, gom vào ticket ai_team"
r3_diag,B1-center,adasind_006840.jpg,M6,M_only,SPURIOUS,E4_model_domain,P2,ai_team,R04,r3_diag/model_compare.html,keep_with_reason,02-rules-vi,"Chỉ model thấy; box thừa/sai class của model, output đóng băng nên giữ, gom vào ticket ai_team"
r3_diag,B1-center,adasind_006840.jpg,M8,M_only,SPURIOUS,E4_model_domain,P2,ai_team,R04,r3_diag/model_compare.html,keep_with_reason,02-rules-vi,M8 Truck và M10 Car trùng trên cùng xe R6: model sinh box kép khác class
r3_diag,B1-center,adasind_006840.jpg,M9,M_only,SPURIOUS,E4_model_domain,P2,ai_team,R04,r3_diag/model_compare.html,keep_with_reason,02-rules-vi,"Chỉ model thấy; box thừa/sai class của model, output đóng băng nên giữ, gom vào ticket ai_team"
r3_diag,B1-center,adasind_006840.jpg,M10,M_only,SPURIOUS,E4_model_domain,P2,ai_team,R04,r3_diag/model_compare.html,keep_with_reason,02-rules-vi,M8 Truck và M10 Car trùng trên cùng xe R6: model sinh box kép khác class
r3_diag,B1-center,adasind_006840.jpg,M12,M_only,SPURIOUS,E4_model_domain,P2,ai_team,R04,r3_diag/model_compare.html,keep_with_reason,02-rules-vi,"Chỉ model thấy; box thừa/sai class của model, output đóng băng nên giữ, gom vào ticket ai_team"
r3_diag,B1-center,adasind_006840.jpg,M13,M_only,SPURIOUS,E4_model_domain,P1,ai_team,R04,screenshots/qa_006840_missing_sau_L1.png,escalate,02-rules-vi,"Model gọi auto-rickshaw L1/R1 là Car (M13), tương tự M12 Bus trên R4: lỗi ánh xạ ThreeWheeler có hệ thống → escalate ai_team (30_escalation_ticket.md)"
r3_diag,B1-center,adasind_036720.jpg,L4+R4,LR_noM,MISSING,E4_model_domain,P2,ai_team,R01,r3_diag/model_compare.html,keep_with_reason,02-rules-vi,"L và R cùng thấy, model YOLO26m bỏ sót trên ảnh fisheye; không sửa nhãn người"
r3_diag,B1-center,adasind_036720.jpg,L1+R1,LR_noM,MISSING,E4_model_domain,P2,ai_team,R01,r3_diag/model_compare.html,keep_with_reason,02-rules-vi,"L và R cùng thấy, model YOLO26m bỏ sót trên ảnh fisheye; không sửa nhãn người"
r3_diag,B1-center,adasind_036720.jpg,L2+R3,LR_noM,MISSING,E4_model_domain,P2,ai_team,R01,r3_diag/model_compare.html,keep_with_reason,02-rules-vi,"L và R cùng thấy, model YOLO26m bỏ sót trên ảnh fisheye; không sửa nhãn người"
r3_diag,B1-center,adasind_036720.jpg,M1,M_only,SPURIOUS,E4_model_domain,P2,ai_team,R04,r3_diag/model_compare.html,keep_with_reason,02-rules-vi,"Chỉ model thấy; box thừa/sai class của model, output đóng băng nên giữ, gom vào ticket ai_team"
r3_diag,B1-center,adasind_036720.jpg,M2,M_only,SPURIOUS,E4_model_domain,P2,ai_team,R04,r3_diag/model_compare.html,keep_with_reason,02-rules-vi,"Chỉ model thấy; box thừa/sai class của model, output đóng băng nên giữ, gom vào ticket ai_team"
r3_diag,B1-center,adasind_036720.jpg,M4,M_only,SPURIOUS,E4_model_domain,P2,ai_team,R04,r3_diag/model_compare.html,keep_with_reason,02-rules-vi,"Chỉ model thấy; box thừa/sai class của model, output đóng băng nên giữ, gom vào ticket ai_team"
r3_diag,B1-center,adasind_036720.jpg,M6,M_only,SPURIOUS,E4_model_domain,P2,ai_team,R04,r3_diag/model_compare.html,keep_with_reason,02-rules-vi,"Chỉ model thấy; box thừa/sai class của model, output đóng băng nên giữ, gom vào ticket ai_team"
r3_diag,B1-center,adasind_056040.jpg,L5+R5,LR_noM,MISSING,E4_model_domain,P2,ai_team,R01,r3_diag/model_compare.html,keep_with_reason,02-rules-vi,"L và R cùng thấy, model YOLO26m bỏ sót trên ảnh fisheye; không sửa nhãn người"
r3_diag,B1-center,adasind_056040.jpg,L2+R2,LR_noM,MISSING,E4_model_domain,P2,ai_team,R01,r3_diag/model_compare.html,keep_with_reason,02-rules-vi,"L và R cùng thấy, model YOLO26m bỏ sót trên ảnh fisheye; không sửa nhãn người"
r3_diag,B1-center,adasind_056040.jpg,L3+R4,LR_noM,MISSING,E4_model_domain,P2,ai_team,R01,r3_diag/model_compare.html,keep_with_reason,02-rules-vi,"L và R cùng thấy, model YOLO26m bỏ sót trên ảnh fisheye; không sửa nhãn người"
r3_diag,B1-center,adasind_056040.jpg,L7,L_only,SPURIOUS,E1_annotator_error,P1,annotator,R04,screenshots/qa_056040_L7_vs_L2.png,rework,02-rules-vi,"Sau rider áo đỏ là một ô tô bị che (R7 Car, model M6 cũng Car); L7 gán nhầm ThreeWheeler → đổi class Car, giữ occluded"
r3_diag,B1-center,adasind_056040.jpg,R7+M6,RM_noL,MISSING,E1_annotator_error,P1,annotator,R04,screenshots/qa_056040_L7_vs_L2.png,rework,02-rules-vi,Cùng ca L7 sai class; đổi L7 thành Car là đóng ca
r3_diag,B1-center,adasind_056040.jpg,M2,M_only,SPURIOUS,E4_model_domain,P2,ai_team,R04,r3_diag/model_compare.html,keep_with_reason,02-rules-vi,"Chỉ model thấy; box thừa/sai class của model, output đóng băng nên giữ, gom vào ticket ai_team"
r3_diag,B1-center,adasind_056040.jpg,M3,M_only,SPURIOUS,E4_model_domain,P2,ai_team,R04,r3_diag/model_compare.html,keep_with_reason,02-rules-vi,"Chỉ model thấy; box thừa/sai class của model, output đóng băng nên giữ, gom vào ticket ai_team"
r3_diag,B1-center,adasind_056040.jpg,M4,M_only,SPURIOUS,E4_model_domain,P2,ai_team,R04,r3_diag/model_compare.html,keep_with_reason,02-rules-vi,"Chỉ model thấy; box thừa/sai class của model, output đóng băng nên giữ, gom vào ticket ai_team"
r3_diag,B1-center,adasind_056040.jpg,M5,M_only,SPURIOUS,E4_model_domain,P2,ai_team,R04,r3_diag/model_compare.html,keep_with_reason,02-rules-vi,"Chỉ model thấy; box thừa/sai class của model, output đóng băng nên giữ, gom vào ticket ai_team"
r3_diag,B1-center,adasind_056040.jpg,M9,M_only,SPURIOUS,E4_model_domain,P2,ai_team,R04,r3_diag/model_compare.html,keep_with_reason,02-rules-vi,"Chỉ model thấy; box thừa/sai class của model, output đóng băng nên giữ, gom vào ticket ai_team"
r3_diag,B1-center,adasind_056040.jpg,M11,M_only,SPURIOUS,E4_model_domain,P2,ai_team,R04,r3_diag/model_compare.html,keep_with_reason,02-rules-vi,"Chỉ model thấy; box thừa/sai class của model, output đóng băng nên giữ, gom vào ticket ai_team"
r3_diag,B1-center,adasind_006840.jpg,L2+R7,LR_noM,BOX_GEOMETRY,E2_guideline_gap,P3,guideline,R01,screenshots/qa_006840_L2_L9.png,keep_with_reason,02-rules-vi,"Phản hồi r2_qa: L2 cao 41 px, trùng khít R7; giữ box. Luật chưa nói cách đo ca sát ngưỡng → đề xuất ở 20_guideline_patch.md"
r3_diag,B1-center,adasind_006840.jpg,L9+R9,LRM,ATTRIBUTE,E1_annotator_error,P2,annotator,R05,r3_diag/local_quality_conflicts.csv,rework,02-rules-vi,Phản hồi r2_qa: vật không bị cắt nên truncated=false là đúng; nhưng reference đặt edge_zone=true → A sửa edge_zone
r3_diag,B1-center,adasind_036720.jpg,L4+R4,LR_noM,ATTRIBUTE,E1_annotator_error,P2,annotator,R05,r3_diag/local_quality_conflicts.csv,rework,02-rules-vi,Phản hồi r2_qa: truncated=false đúng theo reference; thiếu edge_zone=true → A sửa
